"Rk","Player","Age","Game","GS","MP","FG","FGA","X3P","X3PA","FT","FTA","ORB","DRB","TRB","AST","STL","BLK","TOV","PF","PTS","FG_","X3P_","FT_","MP_1","PTS_1","TRB_1","AST_1","STL_1","BLK_1","Round","Team"
"1","DeMarre Carroll","28","6","6","210","38","70","14","30","15","18","12","31","43","17","5","1","7","18","105","0.543","0.467","0.833","35.1","17.5","7.2","2.8","0.8","0.2","1","ATL"
"2","Paul Millsap","29","6","6","221","36","80","10","21","12","20","13","45","58","20","13","7","7","17","94","0.45","0.476","0.6","36.8","15.7","9.7","3.3","2.2","1.2","1","ATL"
"3","Kyle Korver","33","6","6","229","30","69","23","58","10","12","0","36","36","18","10","6","5","6","93","0.435","0.397","0.833","38.2","15.5","6","3","1.7","1","1","ATL"
"4","Al Horford","28","6","6","198","40","83","0","4","6","8","15","45","60","23","6","7","12","15","86","0.482","0","0.75","33","14.3","10","3.8","1","1.2","1","ATL"
"5","Jeff Teague","26","6","6","189","30","76","7","21","18","23","2","12","14","47","12","1","19","12","85","0.395","0.333","0.783","31.6","14.2","2.3","7.8","2","0.2","1","ATL"
"6","Dennis Schroder","21","6","0","112","23","55","2","12","8","9","0","3","3","20","3","0","16","7","56","0.418","0.167","0.889","18.7","9.3","0.5","3.3","0.5","0","1","ATL"
"7","Pero Antic","32","6","0","95","10","24","7","15","10","12","5","13","18","2","1","2","2","16","37","0.417","0.467","0.833","15.9","6.2","3","0.3","0.2","0.3","1","ATL"
"8","Mike Scott","26","6","0","66","10","25","2","9","2","2","8","10","18","0","2","0","2","5","24","0.4","0.222","1","10.9","4","3","0","0.3","0","1","ATL"
"9","Kent Bazemore","25","6","0","106","8","26","1","13","3","4","3","16","19","3","3","3","3","10","20","0.308","0.077","0.75","17.7","3.3","3.2","0.5","0.5","0.5","1","ATL"
"10","Shelvin Mack","24","5","0","24","3","9","1","4","0","0","1","1","2","4","4","0","0","2","7","0.333","0.25",,"4.9","1.4","0.4","0.8","0.8","0","1","ATL"
"11","Mike Muscala","23","1","0","6","2","3","0","1","0","0","1","1","2","0","1","1","2","1","4","0.667","0",,"5.9","4","2","0","1","1","1","ATL"
"12","Elton Brand","35","2","0","4","0","1","0","0","0","0","0","1","1","0","0","0","0","2","0","0",,,"1.9","0","0.5","0","0","0","1","ATL"
"13","John Jenkins","23","1","0","4","0","1","0","1","0","0","0","0","0","0","0","0","0","0","0","0","0",,"3.6","0","0","0","0","0","1","ATL"
"1","Brook Lopez","26","6","6","234","43","87","0","0","33","40","20","34","54","5","4","13","6","18","119","0.494",,"0.825","38.9","19.8","9","0.8","0.7","2.2","1","BKLN"
"2","Joe Johnson","33","6","6","249","34","94","12","41","19","24","5","41","46","29","7","0","5","16","99","0.362","0.293","0.792","41.6","16.5","7.7","4.8","1.2","0","1","BKLN"
"3","Jarrett Jack","31","6","0","153","28","54","5","15","13","13","2","23","25","27","7","1","20","14","74","0.519","0.333","1","25.5","12.3","4.2","4.5","1.2","0.2","1","BKLN"
"4","Deron Williams","30","6","6","192","27","69","11","26","6","7","3","34","37","33","8","0","16","18","71","0.391","0.423","0.857","32","11.8","6.2","5.5","1.3","0","1","BKLN"
"5","Alan Anderson","32","6","0","142","25","41","10","16","6","9","2","19","21","7","4","1","8","9","66","0.61","0.625","0.667","23.6","11","3.5","1.2","0.7","0.2","1","BKLN"
"6","Thaddeus Young","26","6","6","190","29","66","0","4","5","12","17","26","43","16","5","1","14","15","63","0.439","0","0.417","31.7","10.5","7.2","2.7","0.8","0.2","1","BKLN"
"7","Bojan Bogdanovic","25","6","5","206","23","59","11","33","5","7","3","20","23","10","4","2","8","12","62","0.39","0.333","0.714","34.4","10.3","3.8","1.7","0.7","0.3","1","BKLN"
"8","Mason Plumlee","24","6","0","49","4","6","0","0","4","11","2","6","8","2","4","2","3","10","12","0.667",,"0.364","8.2","2","1.3","0.3","0.7","0.3","1","BKLN"
"9","Markel Brown","23","2","1","10","2","5","0","2","2","2","2","0","2","1","0","0","2","0","6","0.4","0","1","5.1","3","1","0.5","0","0","1","BKLN"
"10","Earl Clark","27","2","0","13","2","10","2","3","0","0","0","2","2","0","1","0","0","1","6","0.2","0.667",,"6.5","3","1","0","0.5","0","1","BKLN"
"11","Jerome Jordan","28","1","0","5","0","2","0","0","0","0","1","1","2","0","0","0","1","0","0","0",,,"4.7","0","2","0","0","0","1","BKLN"
"12","Darius Morris","24","1","0","5","0","1","0","0","0","0","0","0","0","0","0","0","0","0","0","0",,,"4.7","0","0","0","0","0","1","BKLN"
"13","Mirza Teletovic","29","3","0","16","0","5","0","4","0","0","0","4","4","0","1","0","1","1","0","0","0",,"5.5","0","1.3","0","0.3","0","1","BKLN"
"1","LeBron James","30","4","4","172","42","90","4","20","20","27","2","34","36","26","9","6","19","8","108","0.467","0.2","0.741","43","27","9","6.5","2.3","1.5","1","CLE"
"2","Kyrie Irving","22","4","4","162","30","69","12","25","21","26","5","15","20","17","4","4","5","13","93","0.435","0.48","0.808","40.6","23.3","5","4.3","1","1","1","CLE"
"3","Kevin Love","26","4","4","107","17","41","9","21","14","19","6","22","28","10","1","2","6","12","57","0.415","0.429","0.737","26.7","14.3","7","2.5","0.3","0.5","1","CLE"
"4","Timofey Mozgov","28","4","4","98","14","26","0","0","11","12","12","20","32","0","1","12","9","15","39","0.538",,"0.917","24.5","9.8","8","0","0.3","3","1","CLE"
"5","J.R. Smith","29","4","4","107","15","41","8","30","1","2","3","10","13","4","9","0","2","13","39","0.366","0.267","0.5","26.8","9.8","3.3","1","2.3","0","1","CLE"
"6","Tristan Thompson","23","4","0","102","9","14","0","0","11","18","15","12","27","3","1","2","2","9","29","0.643",,"0.611","25.4","7.3","6.8","0.8","0.3","0.5","1","CLE"
"7","Iman Shumpert","24","4","0","116","7","15","2","8","12","12","4","18","22","2","4","4","1","10","28","0.467","0.25","1","29","7","5.5","0.5","1","1","1","CLE"
"8","Matthew Dellavedova","24","4","0","43","3","11","2","7","2","4","0","4","4","5","0","0","3","7","10","0.273","0.286","0.5","10.7","2.5","1","1.3","0","0","1","CLE"
"9","James Jones","34","4","0","46","3","13","2","11","2","2","0","5","5","0","0","1","0","5","10","0.231","0.182","1","11.5","2.5","1.3","0","0","0.3","1","CLE"
"10","Kendrick Perkins","30","2","0","6","0","0","0","0","3","4","1","0","1","0","0","0","2","1","3",,,"0.75","3.1","1.5","0.5","0","0","0","1","CLE"
"11","Shawn Marion","36","1","0","1","0","0","0","0","0","0","0","0","0","0","2","0","0","0","0",,,,"0.9","0","0","0","2","0","1","CLE"
"1","Isaiah Thomas","25","4","0","119","18","54","3","18","31","32","1","11","12","28","3","0","14","10","70","0.333","0.167","0.969","29.8","17.5","3","7","0.8","0","1","BOS"
"2","Avery Bradley","24","4","4","133","19","50","5","19","6","7","3","12","15","3","3","0","3","13","49","0.38","0.263","0.857","33.3","12.3","3.8","0.8","0.8","0","1","BOS"
"3","Jared Sullinger","22","4","0","80","21","38","3","9","4","7","9","19","28","1","0","3","5","12","49","0.553","0.333","0.571","20.1","12.3","7","0.3","0","0.8","1","BOS"
"4","Jae Crowder","24","4","1","100","15","29","3","10","10","13","8","12","20","8","4","3","5","14","43","0.517","0.3","0.769","25.1","10.8","5","2","1","0.8","1","BOS"
"5","Evan Turner","26","4","4","118","16","44","2","4","8","9","2","27","29","19","3","0","9","11","42","0.364","0.5","0.889","29.5","10.5","7.3","4.8","0.8","0","1","BOS"
"6","Marcus Smart","20","4","3","90","14","29","3","13","8","15","5","6","11","5","1","1","4","12","39","0.483","0.231","0.533","22.5","9.8","2.8","1.3","0.3","0.3","1","BOS"
"7","Tyler Zeller","25","4","4","90","15","29","0","0","4","5","2","16","18","2","2","1","4","5","34","0.517",,"0.8","22.4","8.5","4.5","0.5","0.5","0.3","1","BOS"
"8","Brandon Bass","29","4","4","86","7","20","0","0","6","10","3","5","8","10","1","3","3","4","20","0.35",,"0.6","21.5","5","2","2.5","0.3","0.8","1","BOS"
"9","Kelly Olynyk","23","4","0","53","7","13","3","6","1","2","2","3","5","2","2","2","4","12","18","0.538","0.5","0.5","13.3","4.5","1.3","0.5","0.5","0.5","1","BOS"
"10","Jonas Jerebko","27","4","0","68","5","15","0","4","1","2","4","10","14","1","2","1","3","9","11","0.333","0","0.5","17","2.8","3.5","0.3","0.5","0.3","1","BOS"
"11","Luigi Datome","27","3","0","14","2","6","0","2","0","0","0","1","1","1","0","0","0","4","4","0.333","0",,"4.6","1.3","0.3","0.3","0","0","1","BOS"
"12","Phil Pressey","23","2","0","5","0","3","0","1","0","0","1","0","1","0","0","1","0","1","0","0","0",,"2.5","0","0.5","0","0","0.5","1","BOS"
"13","Gerald Wallace","32","1","0","4","0","1","0","0","0","0","0","1","1","0","0","0","0","0","0","0",,,"3.7","0","1","0","0","0","1","BOS"
"1","Bradley Beal","21","4","4","167","27","71","9","27","20","25","5","16","21","16","6","3","9","8","83","0.38","0.333","0.8","41.8","20.8","5.3","4","1.5","0.8","1","WASH"
"2","Marcin Gortat","30","4","4","125","29","39","0","0","11","17","12","28","40","12","3","8","9","12","69","0.744",,"0.647","31.2","17.3","10","3","0.8","2","1","WASH"
"3","John Wall","24","4","4","152","21","54","3","11","24","28","0","16","16","50","3","4","13","8","69","0.389","0.273","0.857","38","17.3","4","12.5","0.8","1","1","WASH"
"4","Paul Pierce","37","4","4","114","19","33","14","24","10","12","0","13","13","4","3","3","6","12","62","0.576","0.583","0.833","28.4","15.5","3.3","1","0.8","0.8","1","WASH"
"5","Otto Porter","21","4","0","128","15","27","5","10","3","8","8","21","29","4","5","2","2","5","38","0.556","0.5","0.375","31.9","9.5","7.3","1","1.3","0.5","1","WASH"
"6","Drew Gooden","33","4","0","82","13","33","7","14","3","5","9","18","27","4","0","5","5","7","36","0.394","0.5","0.6","20.6","9","6.8","1","0","1.3","1","WASH"
"7","Nene Hilario","32","4","4","97","15","32","0","0","4","9","10","18","28","4","4","0","5","14","34","0.469",,"0.444","24.3","8.5","7","1","1","0","1","WASH"
"8","Ramon Sessions","28","4","0","66","8","18","5","9","5","6","0","8","8","6","0","1","3","7","26","0.444","0.556","0.833","16.5","6.5","2","1.5","0","0.3","1","WASH"
"9","Kevin Seraphin","25","3","0","33","9","16","0","0","2","4","0","7","7","2","1","0","2","6","20","0.563",,"0.5","11.1","6.7","2.3","0.7","0.3","0","1","WASH"
"10","Kris Humphries","29","1","0","5","1","1","0","0","0","0","0","3","3","0","0","0","0","1","2","1",,,"5.2","2","3","0","0","0","1","WASH"
"11","Martell Webster","28","1","0","4","1","2","0","1","0","0","0","0","0","0","0","0","0","0","2","0.5","0",,"4.2","2","0","0","0","0","1","WASH"
"12","Rasual Butler","35","2","0","7","0","1","0","1","0","0","0","1","1","1","0","0","0","2","0","0","0",,"3.7","0","0.5","0.5","0","0","1","WASH"
"13","Will Bynum","32","1","0","4","0","1","0","0","0","0","0","0","0","2","1","0","0","0","0","0",,,"4.2","0","0","2","1","0","1","WASH"
"1","DeMar DeRozan","25","4","4","159","32","80","3","8","14","17","5","20","25","23","6","0","10","12","81","0.4","0.375","0.824","39.7","20.3","6.3","5.8","1.5","0","1","TOR"
"2","Lou Williams","28","4","0","102","16","51","4","21","15","18","2","5","7","5","6","0","3","9","51","0.314","0.19","0.833","25.6","12.8","1.8","1.3","1.5","0","1","TOR"
"3","Kyle Lowry","28","4","4","131","18","57","5","23","8","11","7","15","22","19","5","0","12","18","49","0.316","0.217","0.727","32.8","12.3","5.5","4.8","1.3","0","1","TOR"
"4","Amir Johnson","27","4","2","112","20","29","0","1","6","12","7","21","28","4","1","3","7","16","46","0.69","0","0.5","27.9","11.5","7","1","0.3","0.8","1","TOR"
"5","Jonas Valanciunas","22","4","4","106","19","38","0","0","7","8","9","28","37","2","2","1","4","7","45","0.5",,"0.875","26.4","11.3","9.3","0.5","0.5","0.3","1","TOR"
"6","Patrick Patterson","25","4","0","106","15","27","7","15","4","4","4","10","14","5","3","0","3","5","41","0.556","0.467","1","26.5","10.3","3.5","1.3","0.8","0","1","TOR"
"7","Greivis Vasquez","28","4","0","101","11","29","5","14","3","3","0","7","7","12","2","0","4","15","30","0.379","0.357","1","25.3","7.5","1.8","3","0.5","0","1","TOR"
"8","Terrence Ross","23","4","4","107","11","29","6","18","0","0","0","6","6","4","3","4","2","10","28","0.379","0.333",,"26.7","7","1.5","1","0.8","1","1","TOR"
"9","Tyler Hansbrough","29","4","2","48","1","5","0","0","3","4","1","5","6","3","2","1","2","8","5","0.2",,"0.75","11.9","1.3","1.5","0.8","0.5","0.3","1","TOR"
"10","Greg Stiemsma","29","1","0","2","2","2","0","0","1","2","0","0","0","0","0","0","0","0","5","1",,"0.5","2","5","0","0","0","0","1","TOR"
"11","James Johnson","27","2","0","12","2","6","0","0","0","6","0","2","2","1","0","0","0","0","4","0.333",,"0","6","2","1","0.5","0","0","1","TOR"
"1","Jimmy Butler","25","6","6","253","50","105","15","37","34","43","8","25","33","23","15","5","14","9","149","0.476","0.405","0.791","42.1","24.8","5.5","3.8","2.5","0.8","1","CHI"
"2","Derrick Rose","26","6","6","220","41","100","15","40","17","19","5","21","26","39","9","3","26","11","114","0.41","0.375","0.895","36.7","19","4.3","6.5","1.5","0.5","1","CHI"
"3","Pau Gasol","34","6","6","208","37","76","0","4","24","33","11","60","71","22","3","14","16","13","98","0.487","0","0.727","34.7","16.3","11.8","3.7","0.5","2.3","1","CHI"
"4","Mike Dunleavy","34","6","6","181","20","40","17","31","6","6","3","21","24","18","4","1","8","17","63","0.5","0.548","1","30.2","10.5","4","3","0.7","0.2","1","CHI"
"5","Taj Gibson","29","6","0","130","16","36","0","0","11","16","14","21","35","8","3","7","9","10","43","0.444",,"0.688","21.7","7.2","5.8","1.3","0.5","1.2","1","CHI"
"6","Joakim Noah","29","6","6","201","19","40","0","0","1","10","20","50","70","26","7","6","9","19","39","0.475",,"0.1","33.6","6.5","11.7","4.3","1.2","1","1","CHI"
"7","Aaron Brooks","30","6","0","70","12","30","7","14","2","5","2","7","9","6","1","1","6","13","33","0.4","0.5","0.4","11.7","5.5","1.5","1","0.2","0.2","1","CHI"
"8","Tony Snell","23","6","0","99","10","29","6","20","2","2","1","10","11","4","0","2","5","11","28","0.345","0.3","1","16.4","4.7","1.8","0.7","0","0.3","1","CHI"
"9","Nikola Mirotic","23","5","0","82","9","30","4","16","1","2","2","13","15","8","3","2","4","7","23","0.3","0.25","0.5","16.4","4.6","3","1.6","0.6","0.4","1","CHI"
"10","Kirk Hinrich","34","4","0","29","2","7","1","3","0","0","0","1","1","3","1","0","0","2","5","0.286","0.333",,"7.2","1.3","0.3","0.8","0.3","0","1","CHI"
"11","Doug McDermott","23","1","0","6","1","3","1","2","2","2","1","0","1","0","0","0","1","0","5","0.333","0.5","1","6.1","5","1","0","0","0","1","CHI"
"12","ETwaun Moore","25","1","0","4","1","2","1","1","0","0","0","3","3","0","0","0","0","1","3","0.5","1",,"4.3","3","3","0","0","0","1","CHI"
"13","Nazr Mohammed","37","1","0","7","1","3","0","0","0","0","1","0","1","0","0","1","0","0","2","0.333",,,"6.7","2","1","0","0","1","1","CHI"
"1","Khris Middleton","23","6","6","232","35","92","11","34","14","15","7","15","22","12","14","3","10","14","95","0.38","0.324","0.933","38.7","15.8","3.7","2","2.3","0.5","1","MIL"
"2","Michael Carter-Williams","23","6","6","191","33","78","0","5","7","12","1","26","27","29","7","6","16","14","73","0.423","0","0.583","31.8","12.2","4.5","4.8","1.2","1","1","MIL"
"3","Giannis Antetokounmpo","20","6","6","201","26","71","0","1","17","23","12","30","42","16","3","9","11","18","69","0.366","0","0.739","33.5","11.5","7","2.7","0.5","1.5","1","MIL"
"4","O.J. Mayo","27","6","0","156","18","54","6","19","12","12","1","19","20","18","7","1","9","14","54","0.333","0.316","1","26","9","3.3","3","1.2","0.2","1","MIL"
"5","John Henson","24","6","0","153","24","41","0","1","5","14","21","27","48","4","5","10","11","14","53","0.585","0","0.357","25.4","8.8","8","0.7","0.8","1.7","1","MIL"
"6","Ersan Ilyasova","27","6","6","142","20","61","5","23","7","10","6","17","23","3","5","3","5","10","52","0.328","0.217","0.7","23.7","8.7","3.8","0.5","0.8","0.5","1","MIL"
"7","Jared Dudley","29","6","0","110","14","30","8","14","4","7","3","8","11","8","12","2","5","12","40","0.467","0.571","0.571","18.4","6.7","1.8","1.3","2","0.3","1","MIL"
"8","Zaza Pachulia","30","6","6","129","16","40","0","0","8","13","11","29","40","9","10","3","5","15","40","0.4",,"0.615","21.4","6.7","6.7","1.5","1.7","0.5","1","MIL"
"9","Jerryd Bayless","26","6","0","120","12","35","2","7","13","17","4","11","15","18","2","2","4","12","39","0.343","0.286","0.765","20","6.5","2.5","3","0.3","0.3","1","MIL"
"10","Johnny OBryant","21","1","0","12","3","8","0","0","0","0","1","2","3","0","0","0","0","1","6","0.375",,,"12","6","3","0","0","0","1","MIL"
"11","Tyler Ennis","20","1","0","16","2","9","1","5","0","0","3","1","4","3","0","0","0","1","5","0.222","0.2",,"16.4","5","4","3","0","0","1","MIL"
"12","Miles Plumlee","26","1","0","16","1","8","0","0","1","2","3","3","6","1","0","1","1","1","3","0.125",,"0.5","16.4","3","6","1","0","1","1","MIL"
"13","Jorge Gutierrez","26","1","0","12","1","2","0","0","0","0","0","1","1","1","0","0","0","1","2","0.5",,,"12","2","1","1","0","0","1","MIL"
"1","Marc Gasol","30","5","5","192","33","79","0","1","36","42","6","40","46","25","2","12","6","12","102","0.418","0","0.857","38.3","20.4","9.2","5","0.4","2.4","1","MEM"
"2","Courtney Lee","29","5","5","168","31","47","6","11","18","19","1","12","13","7","6","0","4","11","86","0.66","0.545","0.947","33.5","17.2","2.6","1.4","1.2","0","1","MEM"
"3","Zach Randolph","33","5","5","176","30","86","0","3","10","12","13","29","42","9","2","0","8","18","70","0.349","0","0.833","35.2","14","8.4","1.8","0.4","0","1","MEM"
"4","Mike Conley","27","3","3","79","18","36","3","8","9","10","0","5","5","11","3","0","4","1","48","0.5","0.375","0.9","26.4","16","1.7","3.7","1","0","1","MEM"
"5","Beno Udrih","32","4","0","82","19","39","2","7","7","8","4","8","12","12","0","0","1","7","47","0.487","0.286","0.875","20.5","11.8","3","3","0","0","1","MEM"
"6","Jeff Green","28","5","1","126","14","52","2","7","16","18","3","25","28","8","2","4","5","10","46","0.269","0.286","0.889","25.3","9.2","5.6","1.6","0.4","0.8","1","MEM"
"7","Nick Calathes","25","5","2","83","12","30","6","11","3","6","1","10","11","10","4","1","6","11","33","0.4","0.545","0.5","16.6","6.6","2.2","2","0.8","0.2","1","MEM"
"8","Tony Allen","33","5","4","150","11","19","1","3","5","7","7","27","34","8","12","8","4","15","28","0.579","0.333","0.714","29.9","5.6","6.8","1.6","2.4","1.6","1","MEM"
"9","Vince Carter","38","5","0","76","11","25","3","11","2","2","5","11","16","3","2","2","0","5","27","0.44","0.273","1","15.2","5.4","3.2","0.6","0.4","0.4","1","MEM"
"10","Kosta Koufos","25","5","0","62","7","12","0","0","2","3","8","7","15","1","2","4","0","9","16","0.583",,"0.667","12.5","3.2","3","0.2","0.4","0.8","1","MEM"
"11","Jordan Adams","20","1","0","1","0","0","0","0","0","0","0","0","0","0","1","0","0","0","0",,,,"1.4","0","0","0","1","0","1","MEM"
"12","JaMychal Green","24","1","0","1","0","0","0","0","0","0","0","0","0","0","0","0","0","0","0",,,,"1.4","0","0","0","0","0","1","MEM"
"13","Jon Leuer","25","2","0","4","0","0","0","0","0","0","0","1","1","0","0","0","0","1","0",,,,"1.8","0","0.5","0","0","0","1","MEM"
"1","LaMarcus Aldridge","29","5","5","208","37","112","3","11","32","36","21","35","56","9","2","12","8","16","109","0.33","0.273","0.889","41.7","21.8","11.2","1.8","0.4","2.4","1","POR"
"2","Damian Lillard","24","5","5","201","39","96","5","31","25","32","2","18","20","23","2","3","12","15","108","0.406","0.161","0.781","40.2","21.6","4","4.6","0.4","0.6","1","POR"
"3","C.J. McCollum","23","5","1","166","32","67","11","23","10","13","1","19","20","2","6","1","6","13","85","0.478","0.478","0.769","33.2","17","4","0.4","1.2","0.2","1","POR"
"4","Nicolas Batum","26","5","5","209","24","70","13","39","10","13","6","37","43","26","1","1","12","11","71","0.343","0.333","0.769","41.7","14.2","8.6","5.2","0.2","0.2","1","POR"
"5","Meyers Leonard","22","5","0","106","14","21","10","13","1","2","6","27","33","5","2","2","3","17","39","0.667","0.769","0.5","21.3","7.8","6.6","1","0.4","0.4","1","POR"
"6","Robin Lopez","26","5","5","117","9","15","0","0","8","8","9","13","22","3","1","5","5","15","26","0.6",,"1","23.4","5.2","4.4","0.6","0.2","1","1","POR"
"7","Allen Crabbe","22","2","1","39","4","5","2","2","0","0","0","3","3","1","2","1","1","1","10","0.8","1",,"19.3","5","1.5","0.5","1","0.5","1","POR"
"8","Chris Kaman","32","3","0","37","4","8","0","0","1","1","5","9","14","3","0","0","3","5","9","0.5",,"1","12.4","3","4.7","1","0","0","1","POR"
"9","Steve Blake","34","5","0","43","2","11","1","8","2","2","0","1","1","8","0","1","2","4","7","0.182","0.125","1","8.5","1.4","0.2","1.6","0","0.2","1","POR"
"10","Arron Afflalo","29","3","3","60","2","12","1","4","0","1","0","7","7","2","0","0","3","6","5","0.167","0.25","0","20","1.7","2.3","0.7","0","0","1","POR"
"11","Tim Frazier","24","2","0","3","0","1","0","0","0","0","0","0","0","0","0","0","1","0","0","0",,,"1.7","0","0","0","0","0","1","POR"
"12","Joel Freeland","27","2","0","7","0","0","0","0","0","0","0","1","1","0","1","0","0","0","0",,,,"3.7","0","0.5","0","0.5","0","1","POR"
"13","Alonzo Gee","27","1","0","3","0","0","0","0","0","0","0","1","1","1","0","0","0","0","0",,,,"3","0","1","1","0","0","1","POR"
"1","Blake Griffin","25","7","7","288","64","137","0","3","41","54","19","73","92","52","10","10","19","18","169","0.467","0","0.759","41.1","24.1","13.1","7.4","1.4","1.4","1","LAC"
"2","Chris Paul","29","7","7","275","58","113","15","35","28","29","2","30","32","55","14","3","16","22","159","0.513","0.429","0.966","39.3","22.7","4.6","7.9","2","0.4","1","LAC"
"3","J.J. Redick","30","7","7","274","34","77","15","36","13","15","0","16","16","9","7","1","12","18","96","0.442","0.417","0.867","39.1","13.7","2.3","1.3","1","0.1","1","LAC"
"4","DeAndre Jordan","26","7","7","252","30","42","0","0","28","73","23","70","93","4","2","18","10","16","88","0.714",,"0.384","36.1","12.6","13.3","0.6","0.3","2.6","1","LAC"
"5","Jamal Crawford","34","7","0","181","33","86","6","30","10","10","0","11","11","12","1","1","7","12","82","0.384","0.2","1","25.8","11.7","1.6","1.7","0.1","0.1","1","LAC"
"6","Matt Barnes","34","7","7","197","20","49","10","29","3","7","11","24","35","6","12","5","8","25","53","0.408","0.345","0.429","28.2","7.6","5","0.9","1.7","0.7","1","LAC"
"7","Austin Rivers","22","7","0","99","16","39","2","7","4","8","4","4","8","5","2","0","2","8","38","0.41","0.286","0.5","14.2","5.4","1.1","0.7","0.3","0","1","LAC"
"8","Glen Davis","29","7","0","85","11","23","0","1","3","5","6","14","20","2","2","4","7","20","25","0.478","0","0.6","12.2","3.6","2.9","0.3","0.3","0.6","1","LAC"
"9","Lester Hudson","30","1","0","8","2","3","1","2","0","0","0","1","1","2","0","0","0","1","5","0.667","0.5",,"7.9","5","1","2","0","0","1","LAC"
"10","Spencer Hawes","26","3","0","11","1","6","0","1","0","0","0","2","2","0","0","1","0","1","2","0.167","0",,"3.6","0.7","0.7","0","0","0.3","1","LAC"
"11","Dahntay Jones","34","5","0","6","1","1","0","0","0","0","0","0","0","0","1","0","0","3","2","1",,,"1.2","0.4","0","0","0.2","0","1","LAC"
"12","Hedo Turkoglu","35","6","0","24","1","5","0","3","0","0","1","3","4","0","1","0","0","2","2","0.2","0",,"4","0.3","0.7","0","0.2","0","1","LAC"
"13","Ekpe Udoh","27","1","0","5","0","0","0","0","0","0","0","0","0","0","0","0","0","0","0",,,,"4.8","0","0","0","0","0","1","LAC"
"1","Kawhi Leonard","23","7","7","250","52","109","11","26","27","35","13","39","52","18","8","4","15","18","142","0.477","0.423","0.771","35.8","20.3","7.4","2.6","1.1","0.6","1","SA"
"2","Tim Duncan","38","7","7","250","53","90","0","1","19","34","19","59","78","23","9","10","7","26","125","0.589","0","0.559","35.7","17.9","11.1","3.3","1.3","1.4","1","SA"
"3","Boris Diaw","32","7","0","198","34","71","4","18","9","13","13","30","43","25","5","3","9","24","81","0.479","0.222","0.692","28.3","11.6","6.1","3.6","0.7","0.4","1","SA"
"4","Tony Parker","32","7","7","210","33","91","0","9","10","17","4","19","23","25","2","0","11","14","76","0.363","0","0.588","30","10.9","3.3","3.6","0.3","0","1","SA"
"5","Patrick Mills","26","7","0","112","21","42","16","28","13","13","4","15","19","8","2","0","5","15","71","0.5","0.571","1","16","10.1","2.7","1.1","0.3","0","1","SA"
"6","Marco Belinelli","28","7","0","116","20","39","14","30","11","13","2","11","13","10","2","0","5","10","65","0.513","0.467","0.846","16.6","9.3","1.9","1.4","0.3","0","1","SA"
"7","Danny Green","27","7","7","204","21","61","12","40","4","6","7","15","22","15","7","7","5","12","58","0.344","0.3","0.667","29.1","8.3","3.1","2.1","1","1","1","SA"
"8","Manu Ginobili","37","7","0","131","15","43","8","22","18","23","4","20","24","32","4","6","14","19","56","0.349","0.364","0.783","18.7","8","3.4","4.6","0.6","0.9","1","SA"
"9","Tiago Splitter","30","7","7","123","9","24","0","0","6","19","13","18","31","9","4","1","7","17","24","0.375",,"0.316","17.6","3.4","4.4","1.3","0.6","0.1","1","SA"
"10","Cory Joseph","23","4","0","22","5","6","0","0","1","2","0","1","1","0","0","1","1","2","11","0.833",,"0.5","5.4","2.8","0.3","0","0","0.3","1","SA"
"11","Aron Baynes","28","4","0","40","3","10","0","0","3","3","3","7","10","1","0","0","3","9","9","0.3",,"1","10","2.3","2.5","0.3","0","0","1","SA"
"12","Matt Bonner","34","7","0","36","2","10","2","9","0","0","0","6","6","1","0","1","1","8","6","0.2","0.222",,"5.2","0.9","0.9","0.1","0","0.1","1","SA"
"13","Jeff Ayres","27","3","0","12","0","1","0","0","0","0","0","3","3","2","0","0","0","0","0","0",,,"4","0","1","0.7","0","0","1","SA"
"1","James Harden","25","5","5","180","40","86","12","31","50","52","2","17","19","39","6","1","19","15","142","0.465","0.387","0.962","36.1","28.4","3.8","7.8","1.2","0.2","1","HOU"
"2","Josh Smith","29","5","0","128","34","66","9","23","10","23","11","21","32","19","4","4","15","16","87","0.515","0.391","0.435","25.6","17.4","6.4","3.8","0.8","0.8","1","HOU"
"3","Dwight Howard","29","5","5","163","32","55","0","0","19","41","19","50","69","6","8","15","12","19","83","0.582",,"0.463","32.6","16.6","13.8","1.2","1.6","3","1","HOU"
"4","Corey Brewer","28","5","0","129","29","56","8","15","6","9","3","13","16","4","2","1","6","14","72","0.518","0.533","0.667","25.8","14.4","3.2","0.8","0.4","0.2","1","HOU"
"5","Terrence Jones","23","5","5","127","22","53","1","7","19","29","11","21","32","7","3","0","3","10","64","0.415","0.143","0.655","25.4","12.8","6.4","1.4","0.6","0","1","HOU"
"6","Trevor Ariza","29","5","5","183","13","45","5","22","10","12","5","28","33","15","5","0","5","15","41","0.289","0.227","0.833","36.7","8.2","6.6","3","1","0","1","HOU"
"7","Jason Terry","37","5","5","124","14","30","8","17","3","5","1","7","8","11","5","1","4","11","39","0.467","0.471","0.6","24.7","7.8","1.6","2.2","1","0.2","1","HOU"
"8","Clint Capela","20","5","0","44","9","14","0","0","8","13","2","10","12","2","0","4","2","8","26","0.643",,"0.615","8.8","5.2","2.4","0.4","0","0.8","1","HOU"
"9","Pablo Prigioni","37","5","0","107","7","21","3","14","0","0","2","4","6","12","6","0","3","13","17","0.333","0.214",,"21.3","3.4","1.2","2.4","1.2","0","1","HOU"
"10","Joey Dorsey","31","3","0","3","0","0","0","0","0","0","0","0","0","1","0","0","0","1","0",,,,"1","0","0","0.3","0","0","1","HOU"
"11","Nick Johnson","22","3","0","9","0","3","0","2","0","0","0","3","3","1","0","0","0","1","0","0","0",,"3.1","0","1","0.3","0","0","1","HOU"
"12","Kostas Papanikolaou","24","3","0","3","0","0","0","0","0","0","0","0","0","0","0","0","0","0","0",,,,"1","0","0","0","0","0","1","HOU"
"1","Monta Ellis","29","5","5","197","52","111","11","30","15","20","4","12","16","26","10","3","16","18","130","0.468","0.367","0.75","39.4","26","3.2","5.2","2","0.6","1","DAL"
"2","Dirk Nowitzki","36","5","5","181","38","84","4","17","26","28","4","48","52","12","2","2","10","16","106","0.452","0.235","0.929","36.2","21.2","10.4","2.4","0.4","0.4","1","DAL"
"3","Jose Barea","30","5","2","154","25","57","4","16","5","6","5","19","24","37","4","0","14","17","59","0.439","0.25","0.833","30.7","11.8","4.8","7.4","0.8","0","1","DAL"
"4","Al-Farouq Aminu","24","5","2","150","17","31","7","11","15","19","14","22","36","6","10","8","6","15","56","0.548","0.636","0.789","30","11.2","7.2","1.2","2","1.6","1","DAL"
"5","Tyson Chandler","32","5","5","160","19","29","0","0","13","26","27","27","54","1","3","6","5","16","51","0.655",,"0.5","32.1","10.2","10.8","0.2","0.6","1.2","1","DAL"
"6","Amare Stoudemire","32","5","0","75","15","35","0","0","9","13","7","9","16","3","1","3","7","16","39","0.429",,"0.692","15","7.8","3.2","0.6","0.2","0.6","1","DAL"
"7","Charlie Villanueva","30","5","0","43","11","25","8","19","0","0","4","9","13","3","1","1","0","10","30","0.44","0.421",,"8.7","6","2.6","0.6","0.2","0.2","1","DAL"
"8","Devin Harris","31","4","0","74","8","23","0","11","8","9","1","7","8","4","2","0","4","10","24","0.348","0","0.889","18.4","6","2","1","0.5","0","1","DAL"
"9","Rajon Rondo","28","2","2","37","9","20","1","2","0","0","1","1","2","6","0","0","2","6","19","0.45","0.5",,"18.6","9.5","1","3","0","0","1","DAL"
"10","Richard Jefferson","34","4","2","51","5","14","3","8","2","2","0","2","2","1","2","0","3","9","15","0.357","0.375","1","12.7","3.8","0.5","0.3","0.5","0","1","DAL"
"11","Raymond Felton","30","3","1","36","4","15","0","4","3","3","1","6","7","4","0","0","0","1","11","0.267","0","1","12","3.7","2.3","1.3","0","0","1","DAL"
"12","Chandler Parsons","26","1","1","37","5","15","0","4","0","0","0","6","6","2","0","0","1","1","10","0.333","0",,"36.8","10","6","2","0","0","1","DAL"
"13","Bernard James","29","1","0","2","0","0","0","0","0","0","0","0","0","0","0","0","0","0","0",,,,"1.9","0","0","0","0","0","1","DAL"
"14","Dwight Powell","23","2","0","3","0","1","0","0","0","0","0","1","1","1","0","0","0","1","0","0",,,"1.3","0","0.5","0.5","0","0","1","DAL"
"15","Greg Smith","24","1","0","1","0","0","0","0","0","0","0","0","0","0","0","0","0","0","0",,,,"0.7","0","0","0","0","0","1","DAL"
"1","Stephen Curry","26","4","4","159","43","95","20","48","29","34","4","17","21","29","5","0","16","12","135","0.453","0.417","0.853","39.8","33.8","5.3","7.3","1.3","0","1","GS"
"2","Klay Thompson","24","4","4","151","36","74","16","33","12","16","2","11","13","8","3","5","7","9","100","0.486","0.485","0.75","37.8","25","3.3","2","0.8","1.3","1","GS"
"3","Draymond Green","24","4","4","166","23","48","6","17","11","17","12","39","51","25","10","5","10","16","63","0.479","0.353","0.647","41.6","15.8","12.8","6.3","2.5","1.3","1","GS"
"4","Harrison Barnes","22","4","4","126","13","30","3","7","5","8","10","15","25","9","4","3","2","5","34","0.433","0.429","0.625","31.4","8.5","6.3","2.3","1","0.8","1","GS"
"5","Andrew Bogut","30","4","4","111","12","19","0","0","1","4","10","26","36","9","3","8","6","14","25","0.632",,"0.25","27.7","6.3","9","2.3","0.8","2","1","GS"
"6","Andre Iguodala","31","4","0","112","9","29","2","16","5","9","3","10","13","11","2","0","0","7","25","0.31","0.125","0.556","28","6.3","3.3","2.8","0.5","0","1","GS"
"7","Leandro Barbosa","32","4","0","49","10","22","0","3","4","5","3","2","5","2","0","0","3","3","24","0.455","0","0.8","12.2","6","1.3","0.5","0","0","1","GS"
"8","Shaun Livingston","29","4","0","63","7","14","0","0","3","5","3","3","6","7","1","1","1","6","17","0.5",,"0.6","15.9","4.3","1.5","1.8","0.3","0.3","1","GS"
"9","Marreese Speights","27","4","0","28","3","15","0","0","1","2","5","4","9","3","1","3","1","5","7","0.2",,"0.5","7","1.8","2.3","0.8","0.3","0.8","1","GS"
"10","Festus Ezeli","25","4","0","19","1","4","0","0","3","6","4","3","7","0","0","0","2","2","5","0.25",,"0.5","4.8","1.3","1.8","0","0","0","1","GS"
"1","Anthony Davis","21","4","4","172","47","87","0","2","32","36","9","35","44","8","5","12","13","12","126","0.54","0","0.889","42.9","31.5","11","2","1.3","3","1","NOL"
"2","Eric Gordon","26","4","4","143","28","63","13","32","5","6","2","7","9","15","2","2","10","11","74","0.444","0.406","0.833","35.8","18.5","2.3","3.8","0.5","0.5","1","NOL"
"3","Ryan Anderson","26","4","0","95","16","36","5","12","6","6","7","10","17","9","0","2","4","12","43","0.444","0.417","1","23.7","10.8","4.3","2.3","0","0.5","1","NOL"
"4","Tyreke Evans","25","4","4","125","14","43","2","11","10","17","3","17","20","20","5","1","6","10","40","0.326","0.182","0.588","31.3","10","5","5","1.3","0.3","1","NOL"
"5","Norris Cole","26","4","0","106","15","36","3","14","2","3","1","6","7","7","0","1","8","15","35","0.417","0.214","0.667","26.4","8.8","1.8","1.8","0","0.3","1","NOL"
"6","Quincy Pondexter","26","4","4","124","10","28","3","10","6","7","3","17","20","12","7","0","1","13","29","0.357","0.3","0.857","31.1","7.3","5","3","1.8","0","1","NOL"
"7","Dante Cunningham","27","4","0","75","9","11","0","0","3","3","4","14","18","2","3","4","0","7","21","0.818",,"1","18.8","5.3","4.5","0.5","0.8","1","1","NOL"
"8","Jrue Holiday","24","3","0","55","7","19","1","4","4","4","2","1","3","13","2","1","5","3","19","0.368","0.25","1","18.2","6.3","1","4.3","0.7","0.3","1","NOL"
"9","Alexis Ajinca","26","3","0","10","4","4","0","0","0","0","0","1","1","1","1","0","0","2","8","1",,,"3.5","2.7","0.3","0.3","0.3","0","1","NOL"
"10","Omer Asik","28","4","4","79","2","10","0","0","4","7","12","17","29","6","5","0","5","10","8","0.2",,"0.571","19.8","2","7.3","1.5","1.3","0","1","NOL"
"1","Al Horford","28","6","6","208","46","92","2","4","7","8","20","39","59","26","6","14","11","12","101","0.5","0.5","0.875","34.6","16.8","9.8","4.3","1","2.3","2","ATL"
"2","DeMarre Carroll","28","6","6","212","37","73","11","27","15","19","10","29","39","9","8","2","6","7","100","0.507","0.407","0.789","35.3","16.7","6.5","1.5","1.3","0.3","2","ATL"
"3","Jeff Teague","26","6","6","199","35","87","7","19","21","24","8","16","24","42","7","2","17","13","98","0.402","0.368","0.875","33.2","16.3","4","7","1.2","0.3","2","ATL"
"4","Paul Millsap","29","6","5","204","34","86","4","19","22","29","15","35","50","25","9","6","20","20","94","0.395","0.211","0.759","34","15.7","8.3","4.2","1.5","1","2","ATL"
"5","Dennis Schroder","21","6","0","125","23","60","5","14","14","17","4","15","19","32","5","0","8","14","65","0.383","0.357","0.824","20.8","10.8","3.2","5.3","0.8","0","2","ATL"
"6","Kyle Korver","33","6","6","228","15","48","12","42","0","1","1","25","26","11","9","9","13","16","42","0.313","0.286","0","38","7","4.3","1.8","1.5","1.5","2","ATL"
"7","Mike Muscala","23","5","0","59","12","20","2","6","0","0","6","7","13","0","0","1","1","10","26","0.6","0.333",,"11.8","5.2","2.6","0","0","0.2","2","ATL"
"8","Pero Antic","32","6","1","80","6","24","4","15","9","11","4","13","17","1","0","1","1","16","25","0.25","0.267","0.818","13.4","4.2","2.8","0.2","0","0.2","2","ATL"
"9","Kent Bazemore","25","6","0","91","8","16","3","6","5","8","0","13","13","4","4","4","4","8","24","0.5","0.5","0.625","15.2","4","2.2","0.7","0.7","0.7","2","ATL"
"10","Mike Scott","26","2","0","24","4","10","2","5","0","0","2","6","8","0","1","0","0","2","10","0.4","0.4",,"11.9","5","4","0","0.5","0","2","ATL"
"11","Shelvin Mack","24","2","0","9","1","2","0","1","0","0","0","0","0","1","1","0","1","1","2","0.5","0",,"4.5","1","0","0.5","0.5","0","2","ATL"
"12","John Jenkins","23","1","0","1","0","0","0","0","0","0","0","0","0","0","0","0","0","0","0",,,,"0.9","0","0","0","0","0","2","ATL"
"1","Bradley Beal","21","6","6","251","54","129","14","36","29","34","9","25","34","30","10","4","17","11","151","0.419","0.389","0.853","41.8","25.2","5.7","5","1.7","0.7","2","WASH"
"2","Paul Pierce","37","6","6","184","29","66","19","39","7","8","0","29","29","5","3","4","4","21","84","0.439","0.487","0.875","30.7","14","4.8","0.8","0.5","0.7","2","WASH"
"3","Otto Porter","21","6","0","203","24","61","7","22","7","13","16","35","51","14","7","0","4","11","62","0.393","0.318","0.538","33.8","10.3","8.5","2.3","1.2","0","2","WASH"
"4","Marcin Gortat","30","6","6","182","25","47","0","0","5","7","15","33","48","10","3","3","7","17","55","0.532",,"0.714","30.4","9.2","8","1.7","0.5","0.5","2","WASH"
"5","John Wall","24","3","3","121","22","56","0","6","9","11","5","12","17","33","7","6","14","5","53","0.393","0","0.818","40.3","17.7","5.7","11","2.3","2","2","WASH"
"6","Ramon Sessions","28","6","3","152","18","52","5","16","8","13","2","14","16","17","4","0","7","7","49","0.346","0.313","0.615","25.3","8.2","2.7","2.8","0.7","0","2","WASH"
"7","Nene Hilario","32","6","6","160","19","44","0","0","7","14","15","23","38","11","5","3","9","18","45","0.432",,"0.5","26.6","7.5","6.3","1.8","0.8","0.5","2","WASH"
"8","Drew Gooden","33","6","0","96","10","28","5","12","7","8","4","24","28","4","2","5","9","14","32","0.357","0.417","0.875","15.9","5.3","4.7","0.7","0.3","0.8","2","WASH"
"9","Will Bynum","32","2","0","27","7","13","1","2","4","5","2","1","3","1","1","1","5","6","19","0.538","0.5","0.8","13.6","9.5","1.5","0.5","0.5","0.5","2","WASH"
"10","Kevin Seraphin","25","3","0","39","6","15","0","0","1","2","3","9","12","0","1","1","2","4","13","0.4",,"0.5","12.9","4.3","4","0","0.3","0.3","2","WASH"
"11","Garrett Temple","28","4","0","26","1","6","0","3","5","8","1","2","3","1","2","0","3","4","7","0.167","0","0.625","6.5","1.8","0.8","0.3","0.5","0","2","WASH"
"1","LeBron James","30","6","6","245","61","153","3","28","32","40","14","52","66","53","10","10","27","21","157","0.399","0.107","0.8","40.8","26.2","11","8.8","1.7","1.7","2","CLE"
"2","Kyrie Irving","22","6","6","209","31","73","9","21","34","38","1","12","13","16","8","4","11","9","105","0.425","0.429","0.895","34.8","17.5","2.2","2.7","1.3","0.7","2","CLE"
"3","Iman Shumpert","24","6","6","217","28","69","14","39","6","8","9","18","27","10","8","6","1","10","76","0.406","0.359","0.75","36.2","12.7","4.5","1.7","1.3","1","2","CLE"
"4","Tristan Thompson","23","6","5","222","21","39","0","0","14","17","24","43","67","2","0","9","3","14","56","0.538",,"0.824","37","9.3","11.2","0.3","0","1.5","2","CLE"
"5","J.R. Smith","29","4","0","116","18","36","12","27","3","3","2","14","16","4","2","2","4","11","51","0.5","0.444","1","29.1","12.8","4","1","0.5","0.5","2","CLE"
"6","Matthew Dellavedova","24","6","0","140","17","32","9","21","7","8","1","7","8","22","0","0","9","16","50","0.531","0.429","0.875","23.3","8.3","1.3","3.7","0","0","2","CLE"
"7","Timofey Mozgov","28","6","6","154","16","43","0","0","14","18","14","25","39","6","3","10","7","18","46","0.372",,"0.778","25.7","7.7","6.5","1","0.5","1.7","2","CLE"
"8","James Jones","34","6","0","72","11","25","10","24","2","2","0","9","9","1","1","0","1","12","34","0.44","0.417","1","12","5.7","1.5","0.2","0.2","0","2","CLE"
"9","Mike Miller","34","3","1","31","1","2","1","2","0","0","0","9","9","0","0","1","0","2","3","0.5","0.5",,"10.5","1","3","0","0","0.3","2","CLE"
"10","Kendrick Perkins","30","4","0","18","1","4","0","0","0","2","1","4","5","0","0","3","1","3","2","0.25",,"0","4.5","0.5","1.3","0","0","0.8","2","CLE"
"11","Joe Harris","23","2","0","4","0","1","0","0","0","0","0","0","0","0","0","0","1","0","0","0",,,"2.1","0","0","0","0","0","2","CLE"
"12","Shawn Marion","36","2","0","11","0","2","0","0","0","0","1","1","2","0","0","0","0","1","0","0",,,"5.5","0","1","0","0","0","2","CLE"
"1","Derrick Rose","26","6","6","234","52","135","8","26","18","20","8","24","32","39","5","3","12","11","130","0.385","0.308","0.9","38.9","21.7","5.3","6.5","0.8","0.5","2","CHI"
"2","Jimmy Butler","25","6","6","254","44","108","13","35","25","29","10","24","34","15","14","4","7","18","126","0.407","0.371","0.862","42.3","21","5.7","2.5","2.3","0.7","2","CHI"
"3","Mike Dunleavy","34","6","6","208","23","48","10","25","12","13","4","20","24","13","6","4","7","14","68","0.479","0.4","0.923","34.6","11.3","4","2.2","1","0.7","2","CHI"
"4","Pau Gasol","34","4","4","109","19","39","0","0","8","9","6","17","23","9","2","7","5","5","46","0.487",,"0.889","27.2","11.5","5.8","2.3","0.5","1.8","2","CHI"
"5","Taj Gibson","29","6","2","146","18","36","0","0","10","14","11","20","31","4","1","5","2","15","46","0.5",,"0.714","24.4","7.7","5.2","0.7","0.2","0.8","2","CHI"
"6","Nikola Mirotic","23","6","0","81","11","36","3","14","15","18","5","10","15","1","3","4","4","15","40","0.306","0.214","0.833","13.6","6.7","2.5","0.2","0.5","0.7","2","CHI"
"7","Joakim Noah","29","6","6","194","12","36","0","0","6","10","25","37","62","12","3","8","11","18","30","0.333",,"0.6","32.3","5","10.3","2","0.5","1.3","2","CHI"
"8","Aaron Brooks","30","6","0","62","9","31","1","12","2","2","1","8","9","5","2","0","3","3","21","0.29","0.083","1","10.4","3.5","1.5","0.8","0.3","0","2","CHI"
"9","Kirk Hinrich","34","6","0","97","7","12","5","7","2","3","0","4","4","8","2","1","1","12","21","0.583","0.714","0.667","16.1","3.5","0.7","1.3","0.3","0.2","2","CHI"
"10","Tony Snell","23","5","0","42","5","15","3","7","2","2","0","6","6","2","0","1","0","2","15","0.333","0.429","1","8.3","3","1.2","0.4","0","0.2","2","CHI"
"11","Nazr Mohammed","37","2","0","7","1","4","0","1","0","0","2","2","4","0","0","0","0","0","2","0.25","0",,"3.4","1","2","0","0","0","2","CHI"
"12","ETwaun Moore","25","2","0","4","1","4","0","0","0","0","0","0","0","0","2","0","0","0","2","0.25",,,"2.1","1","0","0","1","0","2","CHI"
"13","Doug McDermott","23","2","0","3","0","0","0","0","0","0","0","1","1","1","0","0","0","0","0",,,,"1.7","0","0.5","0.5","0","0","2","CHI"
"1","Stephen Curry","26","6","6","228","51","121","26","64","19","24","6","24","30","39","13","1","24","9","147","0.421","0.406","0.792","37.9","24.5","5","6.5","2.2","0.2","2","GS"
"2","Klay Thompson","24","6","6","224","42","88","15","32","8","11","4","25","29","20","5","4","20","14","107","0.477","0.469","0.727","37.3","17.8","4.8","3.3","0.8","0.7","2","GS"
"3","Harrison Barnes","22","6","6","203","31","57","4","16","11","15","9","18","27","9","2","5","11","11","77","0.544","0.25","0.733","33.8","12.8","4.5","1.5","0.3","0.8","2","GS"
"4","Draymond Green","24","6","6","204","24","62","9","35","18","23","11","39","50","26","11","4","20","25","75","0.387","0.257","0.783","34.1","12.5","8.3","4.3","1.8","0.7","2","GS"
"5","Andre Iguodala","31","6","0","164","21","41","11","23","7","12","3","23","26","19","4","2","3","7","60","0.512","0.478","0.583","27.3","10","4.3","3.2","0.7","0.3","2","GS"
"6","Andrew Bogut","30","6","6","148","14","25","0","1","0","0","13","34","47","11","6","12","8","25","28","0.56","0",,"24.6","4.7","7.8","1.8","1","2","2","GS"
"7","Shaun Livingston","29","6","0","95","9","14","0","0","4","4","2","9","11","8","2","2","7","6","22","0.643",,"1","15.8","3.7","1.8","1.3","0.3","0.3","2","GS"
"8","Marreese Speights","27","3","0","23","7","14","0","0","7","11","0","7","7","0","2","0","2","6","21","0.5",,"0.636","7.6","7","2.3","0","0.7","0","2","GS"
"9","Leandro Barbosa","32","6","0","48","7","13","2","3","4","5","1","3","4","5","1","0","5","7","20","0.538","0.667","0.8","8","3.3","0.7","0.8","0.2","0","2","GS"
"10","David Lee","31","5","0","55","6","20","0","0","2","4","7","10","17","2","1","2","0","8","14","0.3",,"0.5","11","2.8","3.4","0.4","0.2","0.4","2","GS"
"11","Festus Ezeli","25","6","0","35","4","6","0","0","1","2","1","7","8","0","0","3","0","1","9","0.667",,"0.5","5.9","1.5","1.3","0","0","0.5","2","GS"
"12","James Michael McAdoo","22","3","0","5","2","3","0","0","0","0","0","2","2","0","0","1","1","0","4","0.667",,,"1.8","1.3","0.7","0","0","0.3","2","GS"
"13","Justin Holiday","25","3","0","5","1","2","1","1","0","0","0","0","0","0","0","0","0","1","3","0.5","1",,"1.8","1","0","0","0","0","2","GS"
"14","Brandon Rush","29","2","0","4","0","1","0","0","0","0","0","1","1","0","0","0","0","1","0","0",,,"2","0","0.5","0","0","0","2","GS"
"1","Marc Gasol","30","6","6","224","38","101","0","1","39","46","13","54","67","24","8","7","10","21","115","0.376","0","0.848","37.3","19.2","11.2","4","1.3","1.2","2","MEM"
"2","Zach Randolph","33","6","6","206","41","82","1","2","19","21","19","32","51","14","4","0","15","19","102","0.5","0.5","0.905","34.4","17","8.5","2.3","0.7","0","2","MEM"
"3","Mike Conley","27","5","5","164","23","60","7","25","14","18","0","4","4","29","8","0","8","9","67","0.383","0.28","0.778","32.8","13.4","0.8","5.8","1.6","0","2","MEM"
"4","Courtney Lee","29","6","6","199","24","53","8","19","4","4","2","13","15","17","6","0","9","13","60","0.453","0.421","1","33.2","10","2.5","2.8","1","0","2","MEM"
"5","Jeff Green","28","6","1","172","22","56","2","11","6","8","6","18","24","11","3","1","11","8","52","0.393","0.182","0.75","28.6","8.7","4","1.8","0.5","0.2","2","MEM"
"6","Vince Carter","38","6","0","120","16","42","4","17","6","7","8","23","31","8","5","0","7","12","42","0.381","0.235","0.857","20","7","5.2","1.3","0.8","0","2","MEM"
"7","Tony Allen","33","5","5","129","17","38","0","4","4","5","7","11","18","7","12","3","9","12","38","0.447","0","0.8","25.8","7.6","3.6","1.4","2.4","0.6","2","MEM"
"8","Beno Udrih","32","6","0","93","12","34","2","9","3","4","0","8","8","9","5","0","3","9","29","0.353","0.222","0.75","15.5","4.8","1.3","1.5","0.8","0","2","MEM"
"9","Kosta Koufos","25","6","0","65","10","19","0","0","1","2","11","13","24","3","2","2","1","5","21","0.526",,"0.5","10.8","3.5","4","0.5","0.3","0.3","2","MEM"
"10","Jordan Adams","20","3","0","8","2","3","1","1","2","4","0","1","1","0","0","0","0","0","7","0.667","1","0.5","2.8","2.3","0.3","0","0","0","2","MEM"
"11","Jon Leuer","25","2","0","6","2","4","0","0","0","0","2","2","4","0","0","0","0","0","4","0.5",,,"2.9","2","2","0","0","0","2","MEM"
"12","JaMychal Green","24","4","0","7","0","2","0","1","2","2","0","3","3","0","1","1","0","1","2","0","0","1","1.7","0.5","0.8","0","0.3","0.3","2","MEM"
"13","Nick Calathes","25","4","1","43","0","6","0","2","0","2","0","5","5","6","5","0","4","4","0","0","0","0","10.8","0","1.3","1.5","1.3","0","2","MEM"
"14","Russ Smith","23","2","0","3","0","0","0","0","0","0","0","0","0","2","0","0","0","0","0",,,,"1.7","0","0","1","0","0","2","MEM"
"1","James Harden","25","7","7","257","47","118","17","48","67","73","3","36","39","57","10","3","35","21","178","0.398","0.354","0.918","36.7","25.4","5.6","8.1","1.4","0.4","2","HOU"
"2","Dwight Howard","29","7","7","236","45","76","0","0","33","85","26","71","97","10","8","15","9","26","123","0.592",,"0.388","33.7","17.6","13.9","1.4","1.1","2.1","2","HOU"
"3","Trevor Ariza","29","7","7","274","39","86","21","51","18","20","5","43","48","17","15","1","13","21","117","0.453","0.412","0.9","39.1","16.7","6.9","2.4","2.1","0.1","2","HOU"
"4","Corey Brewer","28","7","0","177","29","70","4","19","15","26","7","17","24","10","5","2","7","22","77","0.414","0.211","0.577","25.3","11","3.4","1.4","0.7","0.3","2","HOU"
"5","Terrence Jones","23","7","4","161","29","64","1","6","13","18","12","20","32","6","3","5","8","15","72","0.453","0.167","0.722","23","10.3","4.6","0.9","0.4","0.7","2","HOU"
"6","Jason Terry","37","7","7","207","26","59","13","38","6","7","2","17","19","20","7","1","11","19","71","0.441","0.342","0.857","29.6","10.1","2.7","2.9","1","0.1","2","HOU"
"7","Josh Smith","29","7","3","143","24","59","8","23","12","27","12","26","38","10","4","6","9","17","68","0.407","0.348","0.444","20.4","9.7","5.4","1.4","0.6","0.9","2","HOU"
"8","Pablo Prigioni","37","7","0","132","9","27","8","21","3","4","4","8","12","19","6","0","6","20","29","0.333","0.381","0.75","18.9","4.1","1.7","2.7","0.9","0","2","HOU"
"9","Clint Capela","20","7","0","47","7","12","0","0","3","8","8","13","21","2","0","3","1","9","17","0.583",,"0.375","6.8","2.4","3","0.3","0","0.4","2","HOU"
"10","Nick Johnson","22","4","0","21","3","8","1","2","3","3","1","0","1","3","0","0","2","2","10","0.375","0.5","1","5.3","2.5","0.3","0.8","0","0","2","HOU"
"11","Kostas Papanikolaou","24","4","0","15","1","4","0","3","1","2","0","2","2","0","0","0","4","4","3","0.25","0","0.5","3.6","0.8","0.5","0","0","0","2","HOU"
"12","Joey Dorsey","31","3","0","11","0","2","0","0","1","2","1","3","4","1","0","0","1","1","1","0",,"0.5","3.5","0.3","1.3","0.3","0","0","2","HOU"
"1","Blake Griffin","25","7","7","269","76","137","1","4","35","52","19","67","86","34","4","4","26","25","188","0.555","0.25","0.673","38.5","26.9","12.3","4.9","0.6","0.6","2","LAC"
"2","J.J. Redick","30","7","7","266","36","84","20","52","20","20","0","14","14","15","3","4","14","18","112","0.429","0.385","1","38.1","16","2","2.1","0.4","0.6","2","LAC"
"3","Chris Paul","29","5","5","170","37","76","12","30","20","22","5","16","21","50","8","0","10","15","106","0.487","0.4","0.909","34","21.2","4.2","10","1.6","0","2","LAC"
"4","Jamal Crawford","34","7","0","199","34","100","12","44","16","20","6","13","19","15","12","2","10","22","96","0.34","0.273","0.8","28.4","13.7","2.7","2.1","1.7","0.3","2","LAC"
"5","DeAndre Jordan","26","7","7","230","28","39","0","0","39","84","26","68","94","12","14","15","7","26","95","0.718",,"0.464","32.9","13.6","13.4","1.7","2","2.1","2","LAC"
"6","Austin Rivers","22","7","2","151","30","66","11","28","8","11","2","14","16","11","8","4","10","20","79","0.455","0.393","0.727","21.5","11.3","2.3","1.6","1.1","0.6","2","LAC"
"7","Matt Barnes","34","7","7","211","18","51","6","31","12","13","5","31","36","16","8","5","8","29","54","0.353","0.194","0.923","30.2","7.7","5.1","2.3","1.1","0.7","2","LAC"
"8","Spencer Hawes","26","5","0","46","8","11","3","5","2","2","3","8","11","5","2","2","1","11","21","0.727","0.6","1","9.2","4.2","2.2","1","0.4","0.4","2","LAC"
"9","Glen Davis","29","7","0","58","6","15","0","0","4","4","3","4","7","1","3","1","2","13","16","0.4",,"1","8.3","2.3","1","0.1","0.4","0.1","2","LAC"
"10","Lester Hudson","30","6","0","30","4","11","1","5","0","0","0","0","0","5","2","1","3","7","9","0.364","0.2",,"5","1.5","0","0.8","0.3","0.2","2","LAC"
"11","Hedo Turkoglu","35","5","0","30","3","12","2","10","0","0","0","3","3","4","3","1","2","8","8","0.25","0.2",,"6.1","1.6","0.6","0.8","0.6","0.2","2","LAC"
"12","Dahntay Jones","34","6","0","12","1","1","0","0","0","0","0","1","1","0","1","0","0","4","2","1",,,"2","0.3","0.2","0","0.2","0","2","LAC"
"13","Ekpe Udoh","27","3","0","7","1","3","0","0","0","0","0","3","3","0","0","0","0","3","2","0.333",,,"2.4","0.7","1","0","0","0","2","LAC"
"1","LeBron James","30","4","4","153","46","105","5","20","24","33","10","34","44","37","6","2","15","10","121","0.438","0.25","0.727","38.2","30.3","11","9.3","1.5","0.5","3","CLE"
"2","J.R. Smith","29","4","0","135","26","52","16","34","4","5","2","28","30","8","3","3","5","11","72","0.5","0.471","0.8","33.7","18","7.5","2","0.8","0.8","3","CLE"
"3","Tristan Thompson","23","4","4","157","18","28","0","0","11","27","17","27","44","2","0","7","5","11","47","0.643",,"0.407","39.2","11.8","11","0.5","0","1.8","3","CLE"
"4","Timofey Mozgov","28","4","4","106","17","30","0","0","9","11","13","17","30","1","1","5","6","11","43","0.567",,"0.818","26.6","10.8","7.5","0.3","0.3","1.3","3","CLE"
"5","Matthew Dellavedova","24","4","2","124","12","40","7","22","7","9","5","8","13","10","2","0","8","10","38","0.3","0.318","0.778","30.9","9.5","3.3","2.5","0.5","0","3","CLE"
"6","Iman Shumpert","24","4","4","147","13","37","9","21","3","6","4","22","26","7","2","2","4","11","38","0.351","0.429","0.5","36.8","9.5","6.5","1.8","0.5","0.5","3","CLE"
"7","Kyrie Irving","22","2","2","49","10","21","4","6","2","4","2","5","7","11","1","1","3","2","26","0.476","0.667","0.5","24.6","13","3.5","5.5","0.5","0.5","3","CLE"
"8","James Jones","34","4","0","80","6","18","6","16","5","6","1","6","7","6","3","1","0","6","23","0.333","0.375","0.833","19.9","5.8","1.8","1.5","0.8","0.3","3","CLE"
"9","Joe Harris","23","2","0","8","2","5","1","3","2","2","0","1","1","1","0","0","0","1","7","0.4","0.333","1","4.1","3.5","0.5","0.5","0","0","3","CLE"
"10","Mike Miller","34","1","0","5","1","1","1","1","0","0","0","0","0","0","0","0","0","1","3","1","1",,"5.4","3","0","0","0","0","3","CLE"
"11","Kendrick Perkins","30","1","0","5","1","2","0","0","1","2","0","2","2","0","0","0","1","1","3","0.5",,"0.5","5.4","3","2","0","0","0","3","CLE"
"12","Shawn Marion","36","3","0","14","1","4","0","0","0","0","1","3","4","1","0","0","0","0","2","0.25",,,"4.6","0.7","1.3","0.3","0","0","3","CLE"
"13","Brendan Haywood","35","1","0","2","0","1","0","0","0","0","0","0","0","0","0","0","0","0","0","0",,,"2","0","0","0","0","0","3","CLE"
"1","Jeff Teague","26","4","4","140","33","76","7","25","13","13","0","13","13","18","5","4","7","9","86","0.434","0.28","1","35","21.5","3.3","4.5","1.3","1","3","ATL"
"2","Paul Millsap","29","4","4","141","15","43","1","9","24","29","8","23","31","10","3","1","7","15","55","0.349","0.111","0.828","35.4","13.8","7.8","2.5","0.8","0.3","3","ATL"
"3","Al Horford","28","4","4","116","21","36","0","1","2","4","5","14","19","10","1","2","2","7","44","0.583","0","0.5","29","11","4.8","2.5","0.3","0.5","3","ATL"
"4","Kent Bazemore","25","4","2","106","14","29","2","9","13","19","0","21","21","6","4","2","4","7","43","0.483","0.222","0.684","26.4","10.8","5.3","1.5","1","0.5","3","ATL"
"5","Shelvin Mack","24","3","0","66","11","28","5","16","3","6","1","8","9","5","3","0","1","4","30","0.393","0.313","0.5","21.8","10","3","1.7","1","0","3","ATL"
"6","DeMarre Carroll","28","4","4","136","11","34","4","15","2","4","4","11","15","6","5","2","2","11","28","0.324","0.267","0.5","34","7","3.8","1.5","1.3","0.5","3","ATL"
"7","Dennis Schroder","21","4","0","53","10","30","1","8","2","2","1","6","7","10","1","0","3","7","23","0.333","0.125","1","13.3","5.8","1.8","2.5","0.3","0","3","ATL"
"8","Kyle Korver","33","2","2","68","7","16","4","10","3","3","0","8","8","4","1","0","3","5","21","0.438","0.4","1","34.2","10.5","4","2","0.5","0","3","ATL"
"9","Mike Scott","26","3","0","82","7","20","0","12","2","2","6","14","20","5","2","0","5","9","16","0.35","0","1","27.4","5.3","6.7","1.7","0.7","0","3","ATL"
"10","Mike Muscala","23","4","0","37","6","10","0","1","0","0","1","2","3","1","0","1","1","2","12","0.6","0",,"9.2","3","0.8","0.3","0","0.3","3","ATL"
"11","John Jenkins","23","2","0","17","4","5","2","3","0","0","1","2","3","0","0","0","0","2","10","0.8","0.667",,"8.4","5","1.5","0","0","0","3","ATL"
"12","Pero Antic","32","3","0","23","0","2","0","2","1","2","0","8","8","1","1","0","2","6","1","0","0","0.5","7.7","0.3","2.7","0.3","0.3","0","3","ATL"
"13","Elton Brand","35","1","0",,"0","0","0","0","1","2","0","0","0","0","0","0","0","1","1",,,"0.5",,"1","0","0","0","0","3","ATL"
"1","Stephen Curry","26","5","5","184","52","101","27","55","25","31","5","18","23","28","10","1","14","13","156","0.515","0.491","0.806","36.8","31.2","4.6","5.6","2","0.2","3","GS"
"2","Klay Thompson","24","5","5","159","35","84","14","41","5","6","1","12","13","16","5","4","9","21","89","0.417","0.341","0.833","31.7","17.8","2.6","3.2","1","0.8","3","GS"
"3","Draymond Green","24","5","5","191","29","67","4","20","10","13","15","46","61","28","4","9","15","20","72","0.433","0.2","0.769","38.3","14.4","12.2","5.6","0.8","1.8","3","GS"
"4","Harrison Barnes","22","5","5","155","25","62","7","20","2","2","8","15","23","9","6","0","5","12","59","0.403","0.35","1","31","11.8","4.6","1.8","1.2","0","3","GS"
"5","Shaun Livingston","29","5","0","96","14","26","0","0","8","8","3","10","13","10","3","0","7","9","36","0.538",,"1","19.2","7.2","2.6","2","0.6","0","3","GS"
"6","Andre Iguodala","31","5","0","136","14","30","2","8","5","16","4","16","20","21","11","3","5","10","35","0.467","0.25","0.313","27.3","7","4","4.2","2.2","0.6","3","GS"
"7","Festus Ezeli","25","5","0","79","15","25","0","0","4","10","12","18","30","4","1","4","6","13","34","0.6",,"0.4","15.9","6.8","6","0.8","0.2","0.8","3","GS"
"8","Leandro Barbosa","32","5","0","69","10","27","3","10","6","8","2","6","8","8","2","0","0","7","29","0.37","0.3","0.75","13.7","5.8","1.6","1.6","0.4","0","3","GS"
"9","Andrew Bogut","30","5","5","107","12","22","0","0","2","5","13","33","46","10","1","9","8","19","26","0.545",,"0.4","21.5","5.2","9.2","2","0.2","1.8","3","GS"
"10","David Lee","31","4","0","13","2","5","0","0","0","0","2","5","7","0","1","0","1","1","4","0.4",,,"3.2","1","1.8","0","0.3","0","3","GS"
"11","Brandon Rush","29","1","0","4","1","5","1","2","0","0","1","1","2","0","0","0","0","1","3","0.2","0.5",,"3.5","3","2","0","0","0","3","GS"
"12","Justin Holiday","25","1","0","4","0","0","0","0","0","0","0","1","1","1","0","0","2","0","0",,,,"3.5","0","1","1","0","0","3","GS"
"13","James Michael McAdoo","22","1","0","4","0","0","0","0","0","0","1","0","1","0","0","0","0","0","0",,,,"3.5","0","1","0","0","0","3","GS"
"1","James Harden","25","5","5","199","42","90","12","28","46","53","7","32","39","32","12","3","23","13","142","0.467","0.429","0.868","39.7","28.4","7.8","6.4","2.4","0.6","3","HOU"
"2","Josh Smith","29","5","5","125","27","69","10","25","10","24","3","23","26","17","1","7","14","8","74","0.391","0.4","0.417","25","14.8","5.2","3.4","0.2","1.4","3","HOU"
"3","Dwight Howard","29","5","5","176","28","51","0","0","16","39","17","55","72","4","7","9","16","15","72","0.549",,"0.41","35.1","14.4","14.4","0.8","1.4","1.8","3","HOU"
"4","Trevor Ariza","29","5","5","198","23","45","10","23","10","10","8","20","28","12","10","1","5","15","66","0.511","0.435","1","39.6","13.2","5.6","2.4","2","0.2","3","HOU"
"5","Jason Terry","37","5","5","156","17","45","8","27","4","4","3","8","11","17","3","0","5","16","46","0.378","0.296","1","31.3","9.2","2.2","3.4","0.6","0","3","HOU"
"6","Corey Brewer","28","5","0","122","14","41","0","8","14","20","1","6","7","5","4","1","2","12","42","0.341","0","0.7","24.4","8.4","1.4","1","0.8","0.2","3","HOU"
"7","Terrence Jones","23","5","0","112","16","42","1","6","4","7","6","11","17","4","2","7","5","6","37","0.381","0.167","0.571","22.5","7.4","3.4","0.8","0.4","1.4","3","HOU"
"8","Clint Capela","20","5","0","36","5","5","0","0","4","8","3","6","9","1","3","2","0","2","14","1",,"0.5","7.1","2.8","1.8","0.2","0.6","0.4","3","HOU"
"9","Pablo Prigioni","37","5","0","54","3","9","1","6","0","0","0","1","1","8","3","0","3","7","7","0.333","0.167",,"10.9","1.4","0.2","1.6","0.6","0","3","HOU"
"10","Nick Johnson","22","2","0","19","1","6","0","3","0","0","0","0","0","0","0","1","2","4","2","0.167","0",,"9.3","1","0","0","0","0.5","3","HOU"
"11","Kostas Papanikolaou","24","1","0","4","0","0","0","0","0","0","0","0","0","0","0","0","1","0","0",,,,"3.5","0","0","0","0","0","3","HOU"
"1","Stephen Curry","26","6","6","255","54","122","25","65","23","26","5","26","31","38","11","1","28","13","156","0.443","0.385","0.885","42.5","26","5.2","6.3","1.8","0.2","4","GS"
"2","Andre Iguodala","31","6","3","222","37","71","14","35","10","28","6","29","35","24","8","2","6","18","98","0.521","0.4","0.357","37.1","16.3","5.8","4","1.3","0.3","4","GS"
"3","Klay Thompson","24","6","6","227","36","88","12","40","11","12","2","24","26","10","3","6","5","20","95","0.409","0.3","0.917","37.9","15.8","4.3","1.7","0.5","1","4","GS"
"4","Draymond Green","24","6","6","222","24","63","5","19","25","34","8","42","50","30","13","7","13","28","78","0.381","0.263","0.735","37","13","8.3","5","2.2","1.2","4","GS"
"5","Harrison Barnes","22","6","6","198","19","51","8","19","7","9","18","17","35","5","5","3","4","17","53","0.373","0.421","0.778","32.9","8.8","5.8","0.8","0.8","0.5","4","GS"
"6","Leandro Barbosa","32","6","0","64","12","26","3","7","4","4","2","8","10","3","3","1","4","7","31","0.462","0.429","1","10.7","5.2","1.7","0.5","0.5","0.2","4","GS"
"7","Shaun Livingston","29","6","0","120","12","25","0","1","6","8","5","16","21","13","2","2","6","11","30","0.48","0","0.75","20.1","5","3.5","2.2","0.3","0.3","4","GS"
"8","Festus Ezeli","25","5","0","50","7","15","0","0","8","11","7","10","17","2","0","3","4","9","22","0.467",,"0.727","10","4.4","3.4","0.4","0","0.6","4","GS"
"9","David Lee","31","4","0","39","8","15","0","0","6","11","2","8","10","6","1","0","1","8","22","0.533",,"0.545","9.7","5.5","2.5","1.5","0.3","0","4","GS"
"10","Andrew Bogut","30","4","3","74","4","9","0","0","2","4","5","19","24","6","1","5","4","11","10","0.444",,"0.5","18.4","2.5","6","1.5","0.3","1.3","4","GS"
"11","Marreese Speights","27","3","0","16","4","13","0","0","1","2","3","2","5","1","1","0","1","3","9","0.308",,"0.5","5.3","3","1.7","0.3","0.3","0","4","GS"
"12","Justin Holiday","25","1","0","2","0","0","0","0","0","0","0","0","0","0","0","0","0","0","0",,,,"2.1","0","0","0","0","0","4","GS"
"13","James Michael McAdoo","22","1","0","1","0","0","0","0","0","0","0","1","1","0","0","0","0","0","0",,,,"1.2","0","1","0","0","0","4","GS"
"1","LeBron James","30","6","6","274","78","196","13","42","46","67","11","69","80","53","8","3","21","19","215","0.398","0.31","0.687","45.7","35.8","13.3","8.8","1.3","0.5","4","CLE"
"2","Timofey Mozgov","28","6","6","170","27","49","0","0","30","40","18","27","45","6","3","9","15","13","84","0.551",,"0.75","28.3","14","7.5","1","0.5","1.5","4","CLE"
"3","J.R. Smith","29","6","0","202","24","77","15","51","6","10","2","24","26","6","3","5","4","19","69","0.312","0.294","0.6","33.6","11.5","4.3","1","0.5","0.8","4","CLE"
"4","Tristan Thompson","23","6","6","247","24","48","0","0","12","20","32","46","78","2","4","6","5","16","60","0.5",,"0.6","41.1","10","13","0.3","0.7","1","4","CLE"
"5","Matthew Dellavedova","24","6","5","191","15","53","6","26","9","11","4","12","16","16","7","0","15","19","45","0.283","0.231","0.818","31.8","7.5","2.7","2.7","1.2","0","4","CLE"
"6","Iman Shumpert","24","6","6","215","11","43","8","25","9","14","6","17","23","4","11","4","7","19","39","0.256","0.32","0.643","35.9","6.5","3.8","0.7","1.8","0.7","4","CLE"
"7","Kyrie Irving","22","1","1","44","10","22","2","8","1","1","2","5","7","6","4","2","1","5","23","0.455","0.25","1","43.6","23","7","6","4","2","4","CLE"
"8","James Jones","34","6","0","113","6","19","4","13","4","4","0","8","8","2","4","1","4","19","20","0.316","0.308","1","18.8","3.3","1.3","0.3","0.7","0.2","4","CLE"
"9","Mike Miller","34","5","0","28","1","2","1","2","0","0","0","1","1","0","1","0","1","3","3","0.5","0.5",,"5.7","0.6","0.2","0","0.2","0","4","CLE"
"10","Kendrick Perkins","30","1","0","3","0","2","0","0","2","2","0","1","1","0","0","0","0","1","2","0",,"1","3.1","2","1","0","0","0","4","CLE"
"11","Joe Harris","23","2","0","3","0","0","0","0","1","2","0","0","0","0","0","0","0","0","1",,,"0.5","1.6","0.5","0","0","0","0","4","CLE"
